DIB_PROD_CODE,CircularItemId,ad_id_rank,Item_Description,image_url,item_rank
0000000004046,93145708,1,10 for $10.00 With Card,https://f.wishabi.net/page_pdf_images/1839388/24272fec-6150-11e5-b8c1-22000bc1c270/x_large,1
0001111096875,93145796,2,$2.99 With Card 85% Lean,https://f.wishabi.net/page_pdf_images/1839388/e5dfc910-614f-11e5-b8c1-22000bc1c270/x_large,1
0003338321000,93144550,3,4 for $5.00 With Card 6 oz,https://f.wishabi.net/page_pdf_images/1839377/1a2aa8b2-614f-11e5-8bf3-22000bb3a4ba/x_large,1
0000000004664,93144830,4,$0.99 lb With Card,https://f.wishabi.net/page_pdf_images/1839397/388642c6-614f-11e5-a8ff-22000bb4e608/x_large,1
0000000003082,93144798,5,Broccoli Crowns,https://www.kroger.com/product/images/576128122/medium//0000000003082,1
0001111057612,93145427,6,Kroger Grape Fruit Bars,https://www.kroger.com/product/images/450719418/medium/front/0001111057612,1
0001111057041,93145427,6,Kroger Chocolate Top Fun Daze Sundaes,https://www.kroger.com/product/images/450719421/medium/front/0001111057041,2
0004126036136,93145427,6,Kroger Extra Strength Itch Relief Spray,https://www.kroger.com/product/images/031778108/medium/front/0004126036136,3
0001111057079,93145427,6,Kroger Big Wheel Vividly Vanilla Ice Cream Sandwiches,https://www.kroger.com/product/images/450719417/medium/front/0001111057079,4
0004126037298,93145427,6,Kroger Icy Hot Medicated Patch,https://www.kroger.com/product/images/031778011/medium//0004126037298,5
0003410057707,93145239,7,Miller Lite,https://www.kroger.com/product/images/112707001/medium/front/0003410057707,1
0003410057306,93145239,7,Miller Lite Beer,https://www.kroger.com/product/images/112707001/medium/front/0003410057306,2
0003410017306,93145239,7,Miller Genuine Draft Beer,https://www.kroger.com/product/images/112707001/medium/front/0003410017306,3
0003410015306,93145239,7,Miller 64,https://www.kroger.com/product/images/112707001/medium/front/0003410015306,4
0007199031600,93145239,7,Coors Light,https://www.kroger.com/product/images/112707001/medium/front/0007199031600,5
0001111078829,93145972,8,Simple Truth Organic Asian Sesame Dressing,https://www.kroger.com/product/images/176688325/medium/front/0001111078829,1
0001111078817,93145972,8,Simple Truth Organic Balsamic Vinaigrette Dressing,https://www.kroger.com/product/images/176688325/medium/front/0001111078817,2
0001111078816,93145972,8,Simple Truth Organic Goddess Dressing,https://www.kroger.com/product/images/176688325/medium/front/0001111078816,3
0001111086250,93145972,8,Simple Truth Organic Animal Crackers,https://www.kroger.com/product/images/176478313/medium/front/0001111086250,4
0001111078728,93145972,8,Simple Truth Organics Lite Raspberry Vinaigrette Dressing,https://www.kroger.com/product/images/176688325/medium/front/0001111078728,5
0021065600000,93144820,9,Heritage Farm Chicken Breast with Rib Meat,https://www.kroger.com/product/images/465303000/medium/front/0021065600000,1
0004812118419,93145475,10,Thomas Pumpkin Spice English Muffins,https://www.kroger.com/product/images/750502407/medium/front/0004812118419,1
0004812118403,93145475,10,Thomas' Double Protein Oatmeal English Muffins,https://www.kroger.com/product/images/750502407/medium/front/0004812118403,2
0004812118108,93145475,10,Thomas' High Fiber Plain English Muffins,https://www.kroger.com/product/images/750502407/medium/front/0004812118108,3
0004812113806,93145475,10,Thomas English Muffins Cinnamon Raisin,https://www.kroger.com/product/images/750502407/medium/front/0004812113806,4
0004812110208,93145475,10,Thomas English Muffins Original,https://www.kroger.com/product/images/750502407/medium/front/0004812110208,5
0002840037297,93144591,11,Lay's Kettle Cooked Sea Salt & Cracked Pepper Chips,https://www.kroger.com/product/images/600554276/medium/front/0002840037297,1
0002840016014,93144591,11,Lay's Classic Potato Chips,https://www.kroger.com/product/images/600554276/medium/front/0002840016014,2
0002840016013,93144591,11,Lay's Barbeque Potato Chips,https://www.kroger.com/product/images/600554276/medium/front/0002840016013,3
0002840026676,93144591,11,Lay's Wavy Mango Salsa Chips,https://www.kroger.com/product/images/600554276/medium//0002840026676,4
0002840042158,93144591,11,Lay's Classic Potato Chips,https://www.kroger.com/product/images/600554276/medium/front/0002840042158,5
0004000042254,93145575,12,Snickers Unwrapped Bites,https://www.kroger.com/product/images/042023227/medium/front/0004000042254,1
0003400000152,93145575,12,Reese's Sticks,https://www.kroger.com/product/images/042013228/medium/front/0003400000152,2
0004000042431,93145575,12,Snickers Bar,https://www.kroger.com/product/images/042013228/medium/front/0004000042431,3
0003400008681,93145575,12,Reese's Nutrageous Snack Size,https://www.kroger.com/product/images/042023227/medium//0003400008681,4
0003400023239,93145575,12,Reese's Snack Size Assorted Bag,https://www.kroger.com/product/images/042023242/medium/front/0003400023239,5
0001111078578,93145983,13,Simple Truth Vanilla Almond Milk,https://www.kroger.com/product/images/172878804/medium/front/0001111078578,1
0001111078577,93145983,13,Simple Truth Almond Milk,https://www.kroger.com/product/images/172878804/medium/front/0001111078577,2
0001111084593,93145983,13,Simple Truth Unsweetened Almond Milk,https://www.kroger.com/product/images/172878804/medium/front/0001111084593,3
0001111084596,93145983,13,Simple Truth Chocolate Almond Milk,https://www.kroger.com/product/images/172878804/medium/front/0001111084596,4
0001111084597,93145983,13,Simple Truth Coconut Milk,https://www.kroger.com/product/images/172878804/medium/front/0001111084597,5
0004157327337,93145598,14,Private Selection Ultimate Chocolate Chunk Cookies,https://www.kroger.com/product/images/404060620/medium/front/0004157327337,1
0004126037328,93145598,14,Kroger Mesquite Briquets,https://www.kroger.com/product/images/962069200/medium//0004126037328,2
0004126034161,93145598,14,Kroger Fluoride Rinse Eucalyptus Mint,https://www.kroger.com/product/images/031716021/medium/front/0004126034161,3
0004126036423,93145598,14,Kroger Dry Mouth Oral Rinse,https://www.kroger.com/product/images/031716021/medium/front/0004126036423,4
0004157327336,93145598,14,Private Selection Turtle Brownie Cookie,https://www.kroger.com/product/images/404060620/medium/front/0004157327336,5
0001111057660,93145200,15,Kroger Vanilla Ice Cream Sammies,https://www.kroger.com/product/images/450719417/medium/front/0001111057660,1
0001111002295,93145200,15,Kroger Mint Chocolate Chip Ice Cream Sandwich,https://www.kroger.com/product/images/450719417/medium//0001111002295,2
0001111057886,93145200,15,Kroger Vanilla Mini Ice Cream Sammies,https://www.kroger.com/product/images/450719417/medium/front/0001111057886,3
0001111057869,93145200,15,Kroger Neapolitan Ice Cream Sammies,https://www.kroger.com/product/images/450719417/medium/front/0001111057869,4
0001111057841,93145200,15,Kroger Chocolate Chip Ice Cream Sammies,https://www.kroger.com/product/images/450719417/medium/front/0001111057841,5
0022582200000,93148532,16,Private Selection Four Pepper Cajun Chicken Breast,https://www.kroger.com/product/images/154515160/medium/front/0022582200000,1
0022764600000,93148532,16,Private Selection Buffalo Chicken Breast,https://www.kroger.com/product/images/154515160/medium/front/0022764600000,2
0024581150000,93148532,16,Private Selection Lower Sodium Roast Chicken,https://www.kroger.com/product/images/154515160/medium//0024581150000,3
0025581140000,93148532,16,Private Selection Better Roast Chicken Breast,https://www.kroger.com/product/images/154515160/medium//0025581140000,4
0001111002023,93149099,17,Private Selection Bold Piccante Blend,https://www.kroger.com/product/images/494626240/medium//0001111002023,1
0004157311912,93149099,17,Private Selection Shredded 3 Cheese Blend,https://www.kroger.com/product/images/494626240/medium/front/0004157311912,2
0004157311911,93149099,17,Private Selection Shredded Hard Romano Cheese,https://www.kroger.com/product/images/494626240/medium/front/0004157311911,3
0004157311910,93149099,17,Private Selection Shredded Savory Asiago Cheese,https://www.kroger.com/product/images/494626240/medium/front/0004157311910,4
0004157311909,93149099,17,Private Selection Shaved Parmesan,https://www.kroger.com/product/images/494626240/medium/front/0004157311909,5
0001111081657,93148692,18,Kroger Tomato Sauce,https://www.kroger.com/product/images/010222090/medium/front/0001111081657,1
0001111087670,93148692,18,Kroger No Salt Added Tomato Sauce,https://www.kroger.com/product/images/010222090/medium//0001111087670,2
0001111071789,93148680,19,Kroger Great Northern Beans,https://www.kroger.com/product/images/010032050/medium/front/0001111071789,1
0001111071786,93148680,19,Kroger Light Red Kidney Beans,https://www.kroger.com/product/images/010032050/medium/front/0001111071786,2
0001111071787,93148680,19,Kroger Dark Red Kidney Beans,https://www.kroger.com/product/images/010032050/medium/front/0001111071787,3
0001111071791,93148680,19,Kroger Red Beans,https://www.kroger.com/product/images/010032050/medium/front/0001111071791,4
0001111072565,93148680,19,Kroger Pinto Beans,https://www.kroger.com/product/images/010032050/medium/front/0001111072565,5
0001111083536,93148684,20,Simple Truth Organic Fruit on the Bottom Nonfat Strawberry Greek Yogurt,https://www.kroger.com/product/images/172908808/medium/front/0001111083536,1
0001111083519,93148684,20,Simple Truth Organic Fruit on the Bottom Green Nonfat Peach Yogurt,https://www.kroger.com/product/images/172908808/medium/front/0001111083519,2
0001111083516,93148684,20,Simple Truth Organic Greek Nonfat Vanilla Bean Yogurt,https://www.kroger.com/product/images/172908808/medium/front/0001111083516,3
0001111083508,93148684,20,Simple Truth Organic Fruit on the Bottom Black Cherry Greek Yogurt,https://www.kroger.com/product/images/172908808/medium/front/0001111083508,4
0001111083531,93148684,20,Simple Truth Organic Blueberry Greek Nonfat Yogurt,https://www.kroger.com/product/images/172908808/medium/front/0001111083531,5
0007089616356,93148740,21,Wilton Bat Grippy Cutter,https://www.kroger.com/product/images/848313538/medium//0007089616356,1
0007089613011,93148740,21,Wilton Holiday Icing Color Set,https://www.kroger.com/product/images/847363538/medium//0007089613011,2
0007089616354,93148740,21,Wilton Pumpkin Grippy Cutter,https://www.kroger.com/product/images/848313538/medium//0007089616354,3
0007089614109,93148740,21,Wilton Mega Cookie Sheet,https://www.kroger.com/product/images/848313538/medium//0007089614109,4
0007089606240,93148740,21,Wilton Skeleton Cookie Cutter Set,https://www.kroger.com/product/images/848313538/medium//0007089606240,5
0001111060611,93145862,22,Bakery FreshGoodness Couble Chocolate Chip Muffins,https://www.kroger.com/product/images/404020240/medium/front/0001111060611,1
0001111026804,93145862,22,Bakery Fresh Goodness Cream Cheese Muffins,https://www.kroger.com/product/images/404020240/medium/front/0001111026804,2
0001111007296,93145862,22,Bakery Fresh Goodness Honey Raisin Bran Muffin,https://www.kroger.com/product/images/404020240/medium/front/0001111007296,3
0001111007291,93145862,22,Bakery Fresh Goodness Banana Nut Muffins,https://www.kroger.com/product/images/404020240/medium/front/0001111007291,4
0001111007294,93145862,22,Bakery Fresh Goodness Blueberry Muffin,https://www.kroger.com/product/images/404020240/medium/front/0001111007294,5
0005260305445,93148500,23,Pacific Organic Free Range Chicken Broth,https://www.kroger.com/product/images/176698441/medium/front/0005260305445,1
0005260304255,93148500,23,Pacific Cashew Carrot Ginger Soup,https://www.kroger.com/product/images/176698440/medium/front/0005260304255,2
0005260304282,93148500,23,Pacific Creamy Tomato Soup,https://www.kroger.com/product/images/176698440/medium/front/0005260304282,3
0005260305436,93148500,23,Pacific Organic Low Sodium Beef Broth,https://www.kroger.com/product/images/176698440/medium/front/0005260305436,4
0005260305450,93148500,23,Pacific Organic Vegetable Broth,https://www.kroger.com/product/images/176698441/medium/front/0005260305450,5
0000000093283,93145675,24,Organic Honeycrisp Apple,https://www.kroger.com/product/images/196320007/medium/front/0000000093283,1
0003338314621,93144571,25,Oranges - Navel,https://www.kroger.com/product/images/196028013/medium/front/0003338314621,1
0004157010938,93148496,26,Blue Diamond Almonds Artisan Chia Seeds Nut-Thins,https://www.kroger.com/product/images/176488470/medium/front/0004157010938,1
0004157010910,93148496,26,Blue Diamond Almonds Artisan Nut-Thins with Multi-Seeds,https://www.kroger.com/product/images/176488470/medium/front/0004157010910,2
0004157010909,93148496,26,Blue Diamond Almonds Artisan Nut-Thins with Sesame Seeds,https://www.kroger.com/product/images/176488470/medium/front/0004157010909,3
0004157010908,93148496,26,Blue Diamond Almonds Artisan Nut-Thins with Flax Seeds,https://www.kroger.com/product/images/176488470/medium/front/0004157010908,4
0006843791132,93145543,27,Brookside Dark Chocolate Crunchy Clusters,https://www.kroger.com/product/images/042023227/medium/front/0006843791132,1
0006843738908,93145543,27,Brookside Dark Chocolate Pomegranate,https://www.kroger.com/product/images/042023227/medium/front/0006843738908,2
0006843738350,93145543,27,Brookside Dark Chocolate Goji Raspberry,https://www.kroger.com/product/images/042023227/medium/front/0006843738350,3
0006843738971,93145543,27,Brookside Dark Chocolate Acai With Blueberry,https://www.kroger.com/product/images/042023227/medium/front/0006843738971,4
0006843791191,93145543,27,Brookside Dark Chocolate Cranberries,https://www.kroger.com/product/images/042023227/medium/front/0006843791191,5
0004369508304,93145395,28,Lean Pockets Whole Grain Chicken Broccoli & Cheese Sandwiches,https://www.kroger.com/product/images/450373703/medium/front/0004369508304,1
0004369508305,93145395,28,Lean Pockets Pepperoni Pizza With Seasoned Garlic Crust Sandwiches,https://www.kroger.com/product/images/450373703/medium/front/0004369508305,2
0004369508310,93145395,28,Lean Pockets Pizzeria Four Cheese Pizza,https://www.kroger.com/product/images/450373703/medium/front/0004369508310,3
0004369508316,93145395,28,Lean Pockets Meatballs & Mozzarella Sandwiches,https://www.kroger.com/product/images/450373703/medium/front/0004369508316,4
0004369507119,93145395,28,Hot Pockets Chicken & Cheddar With Broccoli Sandwiches,https://www.kroger.com/product/images/450373703/medium/front/0004369507119,5
0081029100106,93148492,29,Tate's Bake Shop Double Chocolate Chip Cookies,https://www.kroger.com/product/images/176478313/medium//0081029100106,1
0081029100100,93148492,29,Tate's Bake Shop Chocolate Chip Cookies,https://www.kroger.com/product/images/176478313/medium/front/0081029100100,2
0081029100104,93148492,29,Tate's Bake Shop Whole Wheat Dark Chocolate Chip Cookies,https://www.kroger.com/product/images/176478313/medium/front/0081029100104,3
0081029100105,93148492,29,Tate's Bake Shop Chocolate Chip Walnut Cookies,https://www.kroger.com/product/images/176478313/medium//0081029100105,4
0002263540003,93145459,30,Vita Herring Party Snacks,https://www.kroger.com/product/images/707787815/medium/front/0002263540003,1
0002263540016,93145459,30,Vita Herr Filet in Sour Cream Spread,https://www.kroger.com/product/images/707787815/medium/front/0002263540016,2
0089899908000,93145459,30,Vita Coco Coconut Tropical Fruit Water,https://www.kroger.com/product/images/176298318/medium/front/0089899908000,3
0089899900023,93145459,30,Vita Coco Kids Paradise Punch Coconut Water,https://www.kroger.com/product/images/176298318/medium/front/0089899900023,4
0089899900073,93145459,30,Vita Coco Kids Pink Lemonade Coconut Water,https://www.kroger.com/product/images/176298318/medium/front/0089899900073,5
0003410000340,93149074,31,Redd's Variety Pack Beer Bottles,https://www.kroger.com/product/images/112727201/medium/front/0003410000340,1
0003410008722,93149074,31,Redd's Crisp Apple Ale,https://www.kroger.com/product/images/112727201/medium/front/0003410008722,2
0003410008732,93149074,31,Redd's Strawberry Ale Beer,https://www.kroger.com/product/images/112727201/medium/front/0003410008732,3
0003410051607,93149074,31,Leinenkugel's Orange Shandy,https://www.kroger.com/product/images/112747412/medium/front/0003410051607,4
0003410051609,93149074,31,Leinenkugel's Summer Shandy,https://www.kroger.com/product/images/112747412/medium/front/0003410051609,5
0003760013264,93148536,32,Hormel Natural Choice Smoked Deli Turkey,https://www.kroger.com/product/images/715767609/medium/front/0003760013264,1
0021334610000,93145774,33,Pork Sirloin Chop,https://www.kroger.com/product/images/545202000/medium//0021334610000,1
0001200000230,93144612,34,Pepsi Original,https://www.kroger.com/product/images/120298223/medium/front/0001200000230,1
0001200059156,93144612,34,Pepsi 8pk,https://www.kroger.com/product/images/120298217/medium/front/0001200059156,2
0001200050405,93144612,34,Pepsi,https://www.kroger.com/product/images/120298225/medium/front/0001200050405,3
0001200001881,93144612,34,Pepsi Max,https://www.kroger.com/product/images/120298223/medium/front/0001200001881,4
0001200000311,93144612,34,Pepsi Wild Cherry,https://www.kroger.com/product/images/120298223/medium/front/0001200000311,5
0003663202900,93145411,35,Dannon Activia Greek Light Strawberry Yogurt,https://www.kroger.com/product/images/050624534/medium/front/0003663202900,1
0003663203249,93145411,35,Dannon Light & Fit Vanilla Greek Yogurt,https://www.kroger.com/product/images/050624534/medium/front/0003663203249,2
0003663203248,93145411,35,Dannon Light & Fit Strawberry Greek Yogurt,https://www.kroger.com/product/images/050624534/medium/front/0003663203248,3
0003663202920,93145411,35,Dannon Activia Toasted Coconut Vanilla Greek Yogurt,https://www.kroger.com/product/images/050624534/medium/front/0003663202920,4
0003663202919,93145411,35,Dannon Activia Key Lime Greek Yogurt,https://www.kroger.com/product/images/050624534/medium/front/0003663202919,5
0001111085113,93145642,36,HemisFares Sicilian Extra Virgin Olive Oil,https://www.kroger.com/product/images/010303003/medium/front/0001111085113,1
0001111085113,93145906,37,HemisFares Sicilian Extra Virgin Olive Oil,https://www.kroger.com/product/images/010303003/medium/front/0001111085113,1
0003915301002,93145906,37,Colavita Extra Virgin Olive Oil,https://www.kroger.com/product/images/010303003/medium/front/0003915301002,2
0007680853557,93149176,38,Barilla Mini Farfalle,https://www.kroger.com/product/images/010840470/medium/front/0007680853557,1
0007680800560,93149176,38,Barilla Pronto Penne,https://www.kroger.com/product/images/010840470/medium/front/0007680800560,2
0007680853560,93149176,38,Barilla Mini Penne,https://www.kroger.com/product/images/010840470/medium/front/0007680853560,3
0007680800067,93149176,38,Barilla White Fiber Rotini,https://www.kroger.com/product/images/010840470/medium/front/0007680800067,4
0007680853412,93149176,38,Barilla Whole Grain Rotini,https://www.kroger.com/product/images/010840470/medium/front/0007680853412,5
0024195930000,93145587,39,Choice Beef Boneless Flat Iron Steak,https://www.kroger.com/product/images/095030301/medium//0024195930000,1
0005215953107,93145435,40,Stonyfield Super Fruits Greek Yogurt,https://www.kroger.com/product/images/172908808/medium/front/0005215953107,1
0005215970039,93145435,40,Stonyfield Chocolate Greek Yogurt,https://www.kroger.com/product/images/172908808/medium/front/0005215970039,2
0005215970108,93145435,40,Stonyfield Yotoddler Pear Spinach Mango Organic Whole Milk Yogurt Pouch,https://www.kroger.com/product/images/172908808/medium/front/0005215970108,3
0005215970054,93145435,40,Stonyfield Salted Caramel Greek Yogurt,https://www.kroger.com/product/images/172908808/medium/front/0005215970054,4
0005215970209,93145435,40,Stonyfield Greek & Chia Red Berries Yogurt,https://www.kroger.com/product/images/172908808/medium/front/0005215970209,5
0000980089500,93145939,41,Nutella Hazelnut Spread,https://www.kroger.com/product/images/010762230/medium/front/0000980089500,1
0003736398235,93145419,42,Michael Angelo's Shrimp Scampi,https://www.kroger.com/product/images/450390001/medium/front/0003736398235,1
0003736398527,93145419,42,Michael Angelo's Rigatoni With Sausage & Meatballs,https://www.kroger.com/product/images/450390001/medium/front/0003736398527,2
0003736398551,93145419,42,Michael Angelo's Three Cheese Baked Ziti,https://www.kroger.com/product/images/450390001/medium/front/0003736398551,3
0003736398552,93145419,42,Michael Angelo's Cheese Ravioli,https://www.kroger.com/product/images/450390001/medium/front/0003736398552,4
0003736358125,93145419,42,Michael Angelo's Vegetable Lasagna,https://www.kroger.com/product/images/450390001/medium/front/0003736358125,5
0004780051433,93148856,43,Crock-Pot Savory Herb Chicken Seasoning Mix,https://www.kroger.com/product/images/010830215/medium/front/0004780051433,1
0004780051432,93148856,43,Crock-Pot Original Chili Seasoning Mix,https://www.kroger.com/product/images/010830215/medium//0004780051432,2
0004780051403,93148856,43,Crock-Pot BBQ Pulled Pork Seasoning Mix,https://www.kroger.com/product/images/010830215/medium/front/0004780051403,3
0004780051402,93148856,43,Crock-Pot Hearty Beef Stew Seasoning,https://www.kroger.com/product/images/010830215/medium/front/0004780051402,4
0004780051401,93148856,43,Crock-Pot Savory Pot Roast Seasoning Mix,https://www.kroger.com/product/images/010830215/medium/front/0004780051401,5
0088884900023,93148516,44,Quest Bar Double Chocolate Chunk Protein Bar,https://www.kroger.com/product/images/176308363/medium//0088884900023,1
0004900004284,93145519,45,Coca-Cola Zero,https://www.kroger.com/product/images/120298219/medium/front/0004900004284,1
0008994730218,93148504,46,Van's Organics Totally Natural Waffles,https://www.kroger.com/product/images/176909001/medium/front/0008994730218,1
0008994730220,93148504,46,Van's Wheat-Gluten Free Blueberry Waffles,https://www.kroger.com/product/images/176909001/medium/front/0008994730220,2
0008994730217,93148504,46,Van's Organics Blueberry Waffles,https://www.kroger.com/product/images/176909001/medium/front/0008994730217,3
0008994730214,93148504,46,Van's Wheat-Gluten Free Apple Cinnamon Waffles,https://www.kroger.com/product/images/176909001/medium/front/0008994730214,4
0008994730226,93148504,46,Van's Minis Chocolate Chip Waffles,https://www.kroger.com/product/images/176909001/medium/front/0008994730226,5
0002580001937,93144601,47,Smart Ones Spaghetti With Meat Sauce,https://www.kroger.com/product/images/450390002/medium/front/0002580001937,1
0002580001965,93144601,47,Smart Ones Chicken Enchilada Suiza,https://www.kroger.com/product/images/450390002/medium/front/0002580001965,2
0002580002013,93144601,47,Smart Ones Chicken Fettucini,https://www.kroger.com/product/images/450390002/medium/front/0002580002013,3
0002580002629,93144601,47,Smart Ones Roasted Chicken With Herb Gravy,https://www.kroger.com/product/images/450390002/medium/front/0002580002629,4
0002580002398,93144601,47,Smart Ones Chicken Parmesan,https://www.kroger.com/product/images/450390002/medium/front/0002580002398,5
0088491200563,93144662,48,Post Honey Bunches of Oats Whole Grain Honey Crunch,https://www.kroger.com/product/images/010859465/medium/front/0088491200563,1
0001600048792,93148512,49,Chex Honey Nut Cereal,https://www.kroger.com/product/images/010859465/medium/front/0001600048792,1
0001600048796,93148512,49,Chex Corn Cereal,https://www.kroger.com/product/images/010859465/medium/front/0001600048796,2
0001600027515,93148524,50,Cheerios Multi-Grain Cereal,https://www.kroger.com/product/images/010859465/medium/front/0001600027515,1
0001600027526,93148524,50,Cheerios,https://www.kroger.com/product/images/010859465/medium/front/0001600027526,2
0073341100007,93149220,51,Illy Ground Espresso Coffee,https://www.kroger.com/product/images/010245200/medium/front/0073341100007,1
0073341190039,93149220,51,Illy Medium Roast Ground Coffee,https://www.kroger.com/product/images/010245200/medium/front/0073341190039,2
0073341100009,93149220,51,Illy Whole Bean Medium Roast Coffee,https://www.kroger.com/product/images/010245200/medium/front/0073341100009,3
0073341100008,93149220,51,Illy Ground Espresso Coffee,https://www.kroger.com/product/images/010245200/medium/front/0073341100008,4
0001312001386,93145403,52,Ore-Ida Smokey BBQ Chips,https://www.kroger.com/product/images/450410198/medium/front/0001312001386,1
0001312001251,93145403,52,Ore Ida Extra Crisp Golden Crinkles Easy Fries,https://www.kroger.com/product/images/450410198/medium/front/0001312001251,2
0001312001389,93145403,52,Ore-Ida Spicy Sriracha Fries,https://www.kroger.com/product/images/450410198/medium/front/0001312001389,3
0001312001779,93145403,52,Ore-Ida Simply Olive Oil & Sea Salt Country Style French Fries,https://www.kroger.com/product/images/450410198/medium/front/0001312001779,4
0007047045726,93144622,53,Yoplait Lactose Free French Vanilla Yogurt,https://www.kroger.com/product/images/050628302/medium/front/0007047045726,1
0007047045725,93144622,53,Yoplait Lactose Free Strawberry Yogurt,https://www.kroger.com/product/images/050628302/medium/front/0007047045725,2
0007047045728,93144622,53,Yoplait Lactose Free Peach Yogurt,https://www.kroger.com/product/images/050628302/medium/front/0007047045728,3
0007047045727,93144622,53,Yoplait Lactose Free Cherry Yogurt,https://www.kroger.com/product/images/050628302/medium/front/0007047045727,4
0007261345195,93145511,54,Snuggle Lavendar Exhilarations Fabric Softener Liquid,https://www.kroger.com/product/images/011053002/medium/front/0007261345195,1
0007261345196,93145511,54,Snuggle Fabric Softener Exhilarations Orchid & Vanilla,https://www.kroger.com/product/images/011053002/medium/front/0007261345196,2
0007261346065,93145511,54,Snuggle Scent Boosters Wild Orchid,https://www.kroger.com/product/images/011053002/medium//0007261346065,3
0007261345987,93145511,54,Snuggle Lavender Joy Scent Boosters,https://www.kroger.com/product/images/011053002/medium/front/0007261345987,4
0007261345514,93145511,54,Snuggle Fabric Softener,https://www.kroger.com/product/images/011053002/medium/front/0007261345514,5
0004010000266,93145493,55,Spice Islands Oregano Jar,https://www.kroger.com/product/images/010130222/medium/front/0004010000266,1
0004010000260,93145493,55,Spice Islands Ground Nutmeg Jar,https://www.kroger.com/product/images/010130222/medium/front/0004010000260,2
0004010000280,93145493,55,Spice Islands Poultry Seasoning Jar,https://www.kroger.com/product/images/010130222/medium/front/0004010000280,3
0004010000226,93145493,55,Spice Islands Ground Saigon Cinnamon Jar,https://www.kroger.com/product/images/010130222/medium/front/0004010000226,4
0004010000211,93145493,55,Spice Islands Beau Monde Seasoning Jar,https://www.kroger.com/product/images/010130222/medium/front/0004010000211,5
0004119689123,93149110,56,Progresso Garlic Herb Bread Crumbs,https://www.kroger.com/product/images/010177446/medium/front/0004119689123,1
0004119689102,93149110,56,Progresso Italian Bread Crumb,https://www.kroger.com/product/images/010177446/medium/front/0004119689102,2
0004119689108,93149110,56,Progresso Plain Bread Crumbs,https://www.kroger.com/product/images/010177446/medium/front/0004119689108,3
0005100014919,93145385,57,Campbell's Chunky Creamy Chicken Dumplings,https://www.kroger.com/product/images/010063173/medium/front/0005100014919,1
0005100014880,93145385,57,Campbell's Chucnky Classic Chicken Noodle Soup,https://www.kroger.com/product/images/010063173/medium/front/0005100014880,2
0005100014879,93145385,57,Campbell's Chunky Sirloin Burger With Country Vegetables,https://www.kroger.com/product/images/010063173/medium/front/0005100014879,3
0003915341300,93144863,58,Colavita Aged Balsamic Vinegar of Modena,https://www.kroger.com/product/images/011330218/medium/front/0003915341300,1
0007089632915,93149395,59,Wilton Royal Icing Cupcake Decoration,https://www.kroger.com/product/images/848313534/medium//0007089632915,1
0007089625806,93149395,59,Wilton Large Loaf Pan,https://www.kroger.com/product/images/847363534/medium/front/0007089625806,2
0007089631372,93149395,59,Wilton 12-Cup Muffin Pan,https://www.kroger.com/product/images/848313534/medium/front/0007089631372,3
0007089631112,93149395,59,Wilton Scoop-It Batter Spoons,https://www.kroger.com/product/images/847363534/medium/front/0007089631112,4
0007089631069,93149395,59,Wilton Two-Tone Cupcake Insert,https://www.kroger.com/product/images/847363534/medium//0007089631069,5
0007675320684,93149459,60,Good Cook Nylon Turner,https://www.kroger.com/product/images/847363531/medium//0007675320684,1
0007675320685,93149459,60,Good Cook Nylon Baster Spoon,https://www.kroger.com/product/images/847363531/medium//0007675320685,2
0007675320681,93149459,60,Good Cook 12 Inch Tongs,https://www.kroger.com/product/images/847363531/medium//0007675320681,3
0007675320683,93149459,60,Good Cook Locking Tongs,https://www.kroger.com/product/images/847363531/medium//0007675320683,4
0007675320689,93149459,60,Good Cook Stainless Steel Turner,https://www.kroger.com/product/images/847363531/medium//0007675320689,5
0001111086359,93145620,61,HemisFares Italian Herb Balsalmic Pasta Sauce,https://www.kroger.com/product/images/011000235/medium/front/0001111086359,1
0001111086362,93145620,61,HemisFares Tomato & Leek Pasta Sauce,https://www.kroger.com/product/images/011000235/medium/front/0001111086362,2
0001111086358,93145620,61,HemisFares Bolognese Pasta Sauce,https://www.kroger.com/product/images/011000235/medium/front/0001111086358,3
0001111086355,93145620,61,HemisFares Tomato Basil Pasta Sauce,https://www.kroger.com/product/images/011000235/medium/front/0001111086355,4
0001111086353,93145620,61,HemisFares Calabrian Pasta Sauce,https://www.kroger.com/product/images/011000235/medium/front/0001111086353,5
0003620038105,93145895,62,Bertolli Carbonara Sauce,https://www.kroger.com/product/images/011000235/medium//0003620038105,1
0003620021919,93145895,62,Bertolli Creamy Garlic Alfredo Sauce,https://www.kroger.com/product/images/011000235/medium/front/0003620021919,2
0003620021929,93145895,62,Bertolli Creamy Alfredo Sauce,https://www.kroger.com/product/images/011000235/medium/front/0003620021929,3
0003620021930,93145895,62,Bertolli Alfredo and Mushroom Pasta Sauce,https://www.kroger.com/product/images/011000235/medium/front/0003620021930,4
0003620021931,93145895,62,Bertolli Tomato and Basil Pasta Sauce,https://www.kroger.com/product/images/011000235/medium/front/0003620021931,5
0001111086359,93145950,63,HemisFares Italian Herb Balsalmic Pasta Sauce,https://www.kroger.com/product/images/011000235/medium/front/0001111086359,1
0001111086362,93145950,63,HemisFares Tomato & Leek Pasta Sauce,https://www.kroger.com/product/images/011000235/medium/front/0001111086362,2
0001111086358,93145950,63,HemisFares Bolognese Pasta Sauce,https://www.kroger.com/product/images/011000235/medium/front/0001111086358,3
0001111086355,93145950,63,HemisFares Tomato Basil Pasta Sauce,https://www.kroger.com/product/images/011000235/medium/front/0001111086355,4
0001111086353,93145950,63,HemisFares Calabrian Pasta Sauce,https://www.kroger.com/product/images/011000235/medium/front/0001111086353,5
0004155428798,93145277,64,Maybelline Instant Age Rewind Eraser Dark Spot Fair-Light Concealer,https://www.kroger.com/product/images/168131081/medium/front/0004155428798,1
0004155427323,93145277,64,Maybelline Super Stay 14 Consistently Truffle Lipstick,https://www.kroger.com/product/images/168131081/medium/front/0004155427323,2
0004155420966,93145277,64,Maybelline Super Stay Light Beige Concealer,https://www.kroger.com/product/images/168131081/medium/front/0004155420966,3
0004155420955,93145277,64,Maybelline Super Stay Natural Beige Makeup,https://www.kroger.com/product/images/168131081/medium/front/0004155420955,4
0004155420956,93145277,64,Maybelline Super Stay Nude Makeup,https://www.kroger.com/product/images/168131081/medium/front/0004155420956,5
0063597520098,93148820,65,All Things Equal Loaded Questions Jr. Card Game,https://www.kroger.com/product/images/648427614/medium//0063597520098,1
0063597520097,93148820,65,All Things Equal Loaded Questions: On the Go Card Game,https://www.kroger.com/product/images/648427614/medium//0063597520097,2
0004385954632,93149347,66,Fellowes W11c Shredder,https://www.kroger.com/product/images/538155157/medium/front/0004385954632,1
0004385967134,93149347,66,Fellowes Powershred W-6C 6 Sheet Cross-Cut Shredder,https://www.kroger.com/product/images/538155157/medium//0004385967134,2
0004385968109,93149347,66,Fellowes Powershred P-48C 8 Sheet Cross-Cut Shredder,https://www.kroger.com/product/images/538155157/medium//0004385968109,3
0001111059915,93144581,67,Kroger 3 Cheese Blend Individually Wrapped Slices,https://www.kroger.com/product/images/020655545/medium/front/0001111059915,1
0001111059920,93144581,67,Kroger American Cheese Individually Wrapped Slices,https://www.kroger.com/product/images/020655545/medium/front/0001111059920,2
0001111059805,93144581,67,Kroger Pepper Jack Cheese Singles,https://www.kroger.com/product/images/020655545/medium/front/0001111059805,3
0001111059807,93144581,67,Kroger Swiss Cheese Singles,https://www.kroger.com/product/images/020655545/medium/front/0001111059807,4
0001111059921,93144581,67,Kroger American Cheese Singles,https://www.kroger.com/product/images/020655545/medium/front/0001111059921,5
0001111091487,93144809,68,Fresh Selections Sliced White Mushrooms,https://www.kroger.com/product/images/576138126/medium/front/0001111091487,1
0001111091039,93145719,69,Fresh Selections Greener Supreme Salad,https://www.kroger.com/product/images/576408147/medium/front/0001111091039,1
0001111091038,93145719,69,Fresh Selections Romaine Blend Salad,https://www.kroger.com/product/images/576408147/medium/front/0001111091038,2
0018685200036,93144896,70,Talenti Mediterranean Mint Gelato,https://www.kroger.com/product/images/450709414/medium/front/0018685200036,1
0018685200034,93144896,70,Talenti Double Dark Chocolate Gelato,https://www.kroger.com/product/images/450709414/medium/front/0018685200034,2
0018685200000,93144896,70,Talenti Fudge Brownie Gelato,https://www.kroger.com/product/images/450709414/medium/front/0018685200000,3
0018685200037,93144896,70,Talenti Sicilian Pistachio Gelato,https://www.kroger.com/product/images/450709414/medium/front/0018685200037,4
0018685200033,93144896,70,Talenti Caramel Cookie Crunch Gelato,https://www.kroger.com/product/images/450709414/medium/front/0018685200033,5
0001410007947,93149242,71,Pepperidge Farm Milano Mint Cookies,https://www.kroger.com/product/images/600535417/medium/front/0001410007947,1
0001410007472,93149242,71,Pepperidge Farm Milano Double Chocolate Cookies,https://www.kroger.com/product/images/600535417/medium/front/0001410007472,2
0001410007481,93149242,71,Pepperidge Farm Milano Raspberry Cookies,https://www.kroger.com/product/images/600535417/medium/front/0001410007481,3
0001410007946,93149242,71,Pepperidge Farm Brussels Cookies,https://www.kroger.com/product/images/600535417/medium/front/0001410007946,4
0001410004450,93149242,71,Pepperidge Farms Milano Pumpkin Spice Cookies,https://www.kroger.com/product/images/600535417/medium/front/0001410004450,5
0002484211211,93145873,72,Buitoni Three Cheese Tortellini,https://www.kroger.com/product/images/020744573/medium/front/0002484211211,1
0002484217211,93145873,72,Buitoni Cheese Ravioli,https://www.kroger.com/product/images/020744573/medium/front/0002484217211,2
0002484230505,93145873,72,Buitoni Whole Wheat Three Cheese Tortellini,https://www.kroger.com/product/images/020744573/medium/front/0002484230505,3
0002484231120,93145873,72,Buitoni Sweet Pepper & Herb Chicken Ravioli,https://www.kroger.com/product/images/020744573/medium/front/0002484231120,4
0002484275147,93145873,72,Buitoni Riserva Wild Mushroom Agnolotti,https://www.kroger.com/product/images/020744573/medium/front/0002484275147,5
0001111096788,93145631,73,Kroger Polska Kielbasa Sausage,https://www.kroger.com/product/images/715777707/medium/front/0001111096788,1
0001111096787,93145631,73,Kroger Smoked Sausage,https://www.kroger.com/product/images/715777707/medium/front/0001111096787,2
0002370002188,93145884,74,Tyson Grilled & Ready Chicken Breast Fillets,https://www.kroger.com/product/images/450590051/medium/front/0002370002188,1
0002370001625,93145884,74,Tyson Grilled & Ready Chicken Breast Strips,https://www.kroger.com/product/images/450590051/medium/front/0002370001625,2
0002370001627,93145884,74,Tyson Grilled & Ready Oven Roasted Diced Chicken Breast,https://www.kroger.com/product/images/450590051/medium/front/0002370001627,3
0002370001628,93145884,74,Tyson Grilled & Ready Fajita Chicken Strips,https://www.kroger.com/product/images/450590051/medium/front/0002370001628,4
0002370003526,93145884,74,Tyson Grilled & Ready Sweet Asian Chicken Thigh Fillet,https://www.kroger.com/product/images/450590051/medium/front/0002370003526,5
0020237600000,93144561,75,Beef Top Round London Broil,https://www.kroger.com/product/images/095020201/medium/front/0020237600000,1
0020236640000,93144561,75,Beef Choice Boneless Top Round Roast,https://www.kroger.com/product/images/095020201/medium//0020236640000,2
0020236600000,93144561,75,Beef Choice Boneless Top Round Roast,https://www.kroger.com/product/images/095020201/medium/front/0020236600000,3
0085282700305,93145664,76,Tasti Lee Tomatoes,https://www.kroger.com/product/images/576178182/medium/front/0085282700305,1
0003160401338,93145535,77,Nature Made B-Complex Capsules,https://www.kroger.com/product/images/031808404/medium/front/0003160401338,1
0003160402720,93145535,77,Nature Made B-12 3000mg,https://www.kroger.com/product/images/031808404/medium/front/0003160402720,2
0003160402794,93145535,77,Nature Made Melatonin Plus L Theanine,https://www.kroger.com/product/images/031808404/medium/front/0003160402794,3
0003160402791,93145535,77,Nature Made CholestOff Complete Supplement,https://www.kroger.com/product/images/031808404/medium/front/0003160402791,4
0003160402788,93145535,77,Nature Made CholestOff Plus,https://www.kroger.com/product/images/031808404/medium/front/0003160402788,5
0026086500000,93145807,78,Tyson Boneless Skinless Chicken Thighs,https://www.kroger.com/product/images/465303005/medium/front/0026086500000,1
0007349120300,93148520,79,Kozy Shack 1% Milk Chocolate Pudding,https://www.kroger.com/product/images/020734571/medium/front/0007349120300,1
0007349153000,93148520,79,Kozy Shack Tapioca Pudding,https://www.kroger.com/product/images/020734571/medium/front/0007349153000,2
0007349152000,93148520,79,Kozy Shack Chocolate Pudding,https://www.kroger.com/product/images/020734571/medium/front/0007349152000,3
0007349151000,93148520,79,Kozy Rice Pudding,https://www.kroger.com/product/images/020734571/medium/front/0007349151000,4
0007349109210,93148520,79,Kozy Shack Indulgent Recipe Chocolate Truffle Pudding,https://www.kroger.com/product/images/020734571/medium//0007349109210,5
0021082950000,93149132,80,Simple Truth Organic Boneless Skinless Chicken Breast,https://www.kroger.com/product/images/465333300/medium/front/0021082950000,1
0001111020019,93145653,81,Kroger Mild Italian Style Meatballs,https://www.kroger.com/product/images/715707004/medium/front/0001111020019,1
0007756732771,93144918,82,Breyers Raspberry Cheesecake Gelato Indulgences,https://www.kroger.com/product/images/450709415/medium/front/0007756732771,1
0007756743118,93144918,82,Breyers Strawberry Truffle Gelato,https://www.kroger.com/product/images/450709415/medium/front/0007756743118,2
0007756742691,93144918,82,Breyers Cappuccino Gelato,https://www.kroger.com/product/images/450709415/medium//0007756742691,3
0007756732767,93144918,82,Breyers Tiramisu Gelato Indulgences,https://www.kroger.com/product/images/450709415/medium/front/0007756732767,4
0007756732735,93144918,82,Breyers Vanilla Caramel Gelato Indulgences,https://www.kroger.com/product/images/450709415/medium/front/0007756732735,5
0084105802507,93145551,83,Schick Slim Twin 2 Sensitive Disposable Razors,https://www.kroger.com/product/images/031696905/medium/front/0084105802507,1
0084105802208,93145551,83,Schick Quattro Titanium Disposable Razors,https://www.kroger.com/product/images/031696905/medium/front/0084105802208,2
0084105802200,93145551,83,Schick Quattro Men Disposable Razors,https://www.kroger.com/product/images/031696905/medium/front/0084105802200,3
0084105802074,93145551,83,Schick Xtreme 3 Ultimate Men's Disposable Razors,https://www.kroger.com/product/images/031696905/medium/front/0084105802074,4
0084105802022,93145551,83,Schick Xtreme 3 Comfort Plus Xtra Sensitive Disposable Razor,https://www.kroger.com/product/images/031696905/medium/front/0084105802022,5
0002708486180,93148832,84,Fisher Price Drilling Tool Set,https://www.kroger.com/product/images/649547646/medium//0002708486180,1
0002708485723,93148832,84,Fisher-Price Thomas & Friends Thomas and Bulstrode Bath Buddies R9247,https://www.kroger.com/product/images/649547646/medium/front/0002708485723,2
0002708485327,93148832,84,Fisher Price Thomas and Friends Engine,https://www.kroger.com/product/images/649547646/medium//0002708485327,3
0002708484705,93148832,84,Fisher-Price Laugh & Learn Learning Workbench R7872,https://www.kroger.com/product/images/649547646/medium/front/0002708484705,4
0002708484366,93148832,84,Fisher Price Classic Xylophone,https://www.kroger.com/product/images/649547646/medium//0002708484366,5
0001111097129,93148528,85,Simple Truth Breakfast Sausage Patties,https://www.kroger.com/product/images/715797904/medium/front/0001111097129,1
0029814540000,93145840,86,Southern King Crab,https://www.kroger.com/product/images/694333300/medium//0029814540000,1
0029814500000,93145840,86,Southern King Crab,https://www.kroger.com/product/images/694333300/medium/front/0029814500000,2
0001111046770,93145467,87,Kroger French Onion Sour Cream Dip,https://www.kroger.com/product/images/050614531/medium/front/0001111046770,1
0007314983043,93149369,88,Sterilite 18 Gallon Tote,https://www.kroger.com/product/images/817376034/medium//0007314983043,1
0069899780624,93148484,89,Udi's Gluten Free Three Cheese Pizza,https://www.kroger.com/product/images/176888802/medium/front/0069899780624,1
0069899780625,93148484,89,Udi's Margherita Pizza,https://www.kroger.com/product/images/176888802/medium/front/0069899780625,2
0069899780636,93148488,90,Udi's Chocolate Chia Muffin Tops,https://www.kroger.com/product/images/176898902/medium/front/0069899780636,1
0069899780637,93148488,90,Udi's Blueberry Oat Muffin Tops,https://www.kroger.com/product/images/176898902/medium/front/0069899780637,2
0001780014500,93145527,91,Purina Cat Chow Naturals,https://www.kroger.com/product/images/520957207/medium/front/0001780014500,1
0083972800433,93149068,92,Pinetti Notte Pinot Grigio,https://www.kroger.com/product/images/140474704/medium/front/0083972800433,1
0003666907011,93145928,93,Cooked Perfect Meatball Bistro Stroganoff,https://www.kroger.com/product/images/451160013/medium/front/0003666907011,1
0003666907021,93145928,93,Cooked Perfect Meatball Bistro Tomato Basil Pasta With Meatballs,https://www.kroger.com/product/images/451160013/medium/front/0003666907021,2
0003666907031,93145928,93,Cooked Perfect Meatball Bistro Mushroom Risotto With Meatballs,https://www.kroger.com/product/images/451160013/medium/front/0003666907031,3
0003666907041,93145928,93,Cooked Perfect Meatball Bistro Mac & Cheese With Meatballs,https://www.kroger.com/product/images/451160013/medium/front/0003666907041,4
0088440801190,93149355,94,Snapware Smart Store Home Storage Container,https://www.kroger.com/product/images/817376031/medium//0088440801190,1
0088440801194,93149355,94,Snapware 20x12 Storage Container,https://www.kroger.com/product/images/817376031/medium//0088440801194,2
0088440801183,93149355,94,Snapware Smart 11.5x8.5x6 Storage Container,https://www.kroger.com/product/images/817376031/medium//0088440801183,3
0004889404754,93148700,95,Crock-Pot Smart-Pot 4 Quart Slow Cooker,https://www.kroger.com/product/images/848873583/medium//0004889404754,1
0004889403728,93148700,95,Crock-Pot Cook & Carry Slow Cooker,https://www.kroger.com/product/images/848873583/medium/front/0004889403728,2
0004889403728,93148724,96,Crock-Pot Cook & Carry Slow Cooker,https://www.kroger.com/product/images/848873583/medium/front/0004889403728,1
0004889404754,93148724,96,Crock-Pot Smart-Pot 4 Quart Slow Cooker,https://www.kroger.com/product/images/848873583/medium//0004889404754,2
0004889404754,93148836,97,Crock-Pot Smart-Pot 4 Quart Slow Cooker,https://www.kroger.com/product/images/848873583/medium//0004889404754,1
0004889403728,93148836,97,Crock-Pot Cook & Carry Slow Cooker,https://www.kroger.com/product/images/848873583/medium/front/0004889403728,2
0004889404754,93148848,98,Crock-Pot Smart-Pot 4 Quart Slow Cooker,https://www.kroger.com/product/images/848873583/medium//0004889404754,1
0004889403728,93148848,98,Crock-Pot Cook & Carry Slow Cooker,https://www.kroger.com/product/images/848873583/medium/front/0004889403728,2
0004855244353,93149187,99,Amalfi Asparagus Cereal Bowl,https://www.kroger.com/product/images/847353507/medium/front/0004855244353,1
0004855244352,93149187,99,Amalfi Asparagus Round Salad Platter,https://www.kroger.com/product/images/847353507/medium/front/0004855244352,2
0004855244351,93149187,99,Amalfi Round Dinner Platter,https://www.kroger.com/product/images/847353507/medium//0004855244351,3
0004855232598,93149187,99,Amalfi 6'' Cobalt Blue Square Appetizer Plate,https://www.kroger.com/product/images/847353507/medium//0004855232598,4
0004855232595,93149187,99,Amalfi 4.5'' Cobalt Blue Fruit Bowl,https://www.kroger.com/product/images/847353507/medium//0004855232595,5
0089659900221,93149062,100,Layer Cake Sea of Stones Red Blend,https://www.kroger.com/product/images/140474702/medium//0089659900221,1
0089659900215,93149062,100,Layer Cake Garnacha,https://www.kroger.com/product/images/140474702/medium//0089659900215,2
0089659900213,93149062,100,Layer Cake Pinot Noir,https://www.kroger.com/product/images/140474702/medium//0089659900213,3
0089659900208,93149062,100,Layer Cake Cabernet Sauvignon,https://www.kroger.com/product/images/140474702/medium/front/0089659900208,4
0089659900203,93149062,100,Layer Cake Malbec,https://www.kroger.com/product/images/140474702/medium//0089659900203,5
0004889402821,93148860,101,Crock-Pot 4qt Oval Slow Cooker,https://www.kroger.com/product/images/848873583/medium//0004889402821,1
0064964505060,93148708,102,Keurig K-Cup Carousel,https://www.kroger.com/product/images/848873580/medium/front/0064964505060,1
0064964520077,93148708,102,Keurig Mini Plus Brewing System K10/b31,https://www.kroger.com/product/images/848873580/medium//0064964520077,2
0064964520220,93148708,102,Keurig 2.0 K300 Brewer,https://www.kroger.com/product/images/848873580/medium/front/0064964520220,3
0064964520230,93148708,102,Keurig 2.0 K350 Brewing System,https://www.kroger.com/product/images/848873580/medium//0064964520230,4
0064964520231,93148708,102,Keurig 2.0 K450 Brewing System,https://www.kroger.com/product/images/848873580/medium/front/0064964520231,5
0004889403780,93148720,103,Crock-Pot Smart-Pot 5.5 Quart Digital Slow Cooker,https://www.kroger.com/product/images/848873583/medium//0004889403780,1
0004889403780,93148840,104,Crock-Pot Smart-Pot 5.5 Quart Digital Slow Cooker,https://www.kroger.com/product/images/848873583/medium//0004889403780,1
0007200934812,93149391,105,Mirro Get a Grip 10-Piece Non-Stick Cookware Set,https://www.kroger.com/product/images/848313533/medium/front/0007200934812,1
0007200934809,93149391,105,Mirro Get a Grip 10-Piece Set,https://www.kroger.com/product/images/848313533/medium/front/0007200934809,2
0002675313608,93145567,106,Halloween Headband,https://www.kroger.com/product/images/878409174/medium//0002675313608,1
0004747507763,93145567,106,Halloween Assorted Headbands,https://www.kroger.com/product/images/878409174/medium//0004747507763,2
0084149302415,93145567,106,Halloween Gas Mask,https://www.kroger.com/product/images/878409174/medium//0084149302415,3
0002675313608,93148732,107,Halloween Headband,https://www.kroger.com/product/images/878409174/medium//0002675313608,1
0004747507763,93148732,107,Halloween Assorted Headbands,https://www.kroger.com/product/images/878409174/medium//0004747507763,2
0084149302415,93148732,107,Halloween Gas Mask,https://www.kroger.com/product/images/878409174/medium//0084149302415,3
0002675313608,93148752,108,Halloween Headband,https://www.kroger.com/product/images/878409174/medium//0002675313608,1
0004747507763,93148752,108,Halloween Assorted Headbands,https://www.kroger.com/product/images/878409174/medium//0004747507763,2
0084149302415,93148752,108,Halloween Gas Mask,https://www.kroger.com/product/images/878409174/medium//0084149302415,3
0004889404311,93148704,109,Crock-Pot Cook & Carry 6 Quart Programmable Slow Cooker,https://www.kroger.com/product/images/848873583/medium//0004889404311,1
0004889404311,93148844,110,Crock-Pot Cook & Carry 6 Quart Programmable Slow Cooker,https://www.kroger.com/product/images/848873583/medium//0004889404311,1
0007200914131,93149447,111,"Mirro Get a Grip Nonstick 10"" Saute Pan",https://www.kroger.com/product/images/848313533/medium/front/0007200914131,1
0007200914107,93149447,111,"Mirro Get a Grip 10"" Saute Pan",https://www.kroger.com/product/images/848313533/medium/front/0007200914107,2
0073181069212,93149339,112,Space Bag Travel Carry On Dual Use Storage Bags,https://www.kroger.com/product/images/818886062/medium//0073181069212,1
0073181055700,93149339,112,Space Bag Hanging Suit Bag,https://www.kroger.com/product/images/818886062/medium//0073181055700,2
0073181025420,93149339,112,Ziploc Jumbo Space Bags,https://www.kroger.com/product/images/818886062/medium/front/0073181025420,3
0073181023951,93149339,112,Ziploc Storage Space Bag Combo,https://www.kroger.com/product/images/818886062/medium/front/0073181023951,4
0072701526515,93149198,113,Bodum Brazil Coffee Press,https://www.kroger.com/product/images/842453537/medium/front/0072701526515,1
0069996517569,93149198,113,Bodum Stainless Steel 15 oz Red Travel Press,https://www.kroger.com/product/images/842453537/medium//0069996517569,2
0069996509907,93149198,113,Bodum Brazil 8 Cup French Press Coffee Maker,https://www.kroger.com/product/images/842453537/medium/front/0069996509907,3
0008051665022,93148782,114,Bolla Chianti,https://www.kroger.com/product/images/140474709/medium/front/0008051665022,1
0008051665102,93148782,114,Bolla Valpolicella,https://www.kroger.com/product/images/140474709/medium/front/0008051665102,2
0008051665072,93148782,114,Bolla Pinot Noir,https://www.kroger.com/product/images/140474709/medium/front/0008051665072,3
0008051665052,93148782,114,Bolla Pinot Grigio,https://www.kroger.com/product/images/140474709/medium/front/0008051665052,4
0004889405478,93148728,115,Crock-Pot Casserole,https://www.kroger.com/product/images/848873583/medium//0004889405478,1
0066359547029,93148773,116,Glass Cypress Woods,https://www.kroger.com/product/images/868505001/medium//0066359547029,1
0007891780842,93148773,116,Libby Flower Pot Votive Holder,https://www.kroger.com/product/images/868505001/medium//0007891780842,2
0004122613856,93148756,117,Holiday Home Welcome Leaves Wall Decor,https://www.kroger.com/product/images/878409172/medium//0004122613856,1
0004122655019,93148756,117,Holiday Home Large Metal Pumpkin With Lid,https://www.kroger.com/product/images/878409172/medium//0004122655019,2
0004122656601,93148756,117,Holiday Home Harvest Stuffed Fabric Owl,https://www.kroger.com/product/images/878409172/medium//0004122656601,3
0004122656618,93148756,117,Holiday Home Ceramic Owls,https://www.kroger.com/product/images/878409172/medium//0004122656618,4
0004122656829,93148756,117,Holiday Home Halloween LED Luminaries,https://www.kroger.com/product/images/878409172/medium//0004122656829,5
0081136900256,93149399,118,Soda Stream 0.5 Liter Carbonating Bottles,https://www.kroger.com/product/images/842453539/medium/front/0081136900256,1
0081136900161,93149399,118,Soda Stream Fountain Jet Soda Maker With Starter Kit,https://www.kroger.com/product/images/842453539/medium/front/0081136900161,2
0081136900134,93149399,118,Soda Stream Fountain Jet Soda Maker With Starter Kit,https://www.kroger.com/product/images/842453539/medium/front/0081136900134,3
0004889403289,93148696,119,Crock-Pot Slow Cooker,https://www.kroger.com/product/images/848873583/medium//0004889403289,1
0064412459436,93148716,120,Langley Empire Home Pumpkin Apple Triple Jar,https://www.kroger.com/product/images/868505001/medium//0064412459436,1
0064412460119,93148716,120,Langley Empire Home Simply Fall Pumpkin Spiced Latte Fall Festival Candle,https://www.kroger.com/product/images/868505001/medium//0064412460119,2
0064412459437,93148716,120,Langley Empire Home Ginger Pumpkin Triple Jar,https://www.kroger.com/product/images/868505001/medium//0064412459437,3
0064412459438,93148716,120,Langley Empire Home Creamy Pump Frost Triple,https://www.kroger.com/product/images/868505001/medium//0064412459438,4
0007024717806,93149154,121,Carando Toscano Mild Link Sausage,https://www.kroger.com/product/images/715707001/medium/front/0007024717806,1
0007024717805,93149154,121,Carando Venetian Italian Sausage,https://www.kroger.com/product/images/715707001/medium/front/0007024717805,2
0007024717807,93149154,121,Carando Calabrese Italian Sausage,https://www.kroger.com/product/images/715707001/medium/front/0007024717807,3
0007024717811,93149154,121,Carando Abruzzese Italian Meatballs,https://www.kroger.com/product/images/715707001/medium/front/0007024717811,4
0085785300205,93149070,122,Prosecco Gancia,https://www.kroger.com/product/images/140484802/medium//0085785300205,1
0007603310363,93145609,123,Carando Italian Sandwich Solutions,https://www.kroger.com/product/images/104707010/medium/front/0007603310363,1
0073304600155,93144885,124,Wine Bags,https://www.kroger.com/product/images/842314132/medium//0073304600155,1
0007314964543,93149362,125,Sterilite Aqua Blue Tote,https://www.kroger.com/product/images/817376031/medium//0007314964543,1
0004082201749,93148540,126,Sabra Classic Hummus,https://www.kroger.com/product/images/104525256/medium/front/0004082201749,1
0004082201750,93148540,126,Sabra Roasted Red Pepper Hummus,https://www.kroger.com/product/images/104525256/medium/front/0004082201750,2
0004082201751,93148540,126,Sabra Roasted Garlic Hummus,https://www.kroger.com/product/images/104525256/medium/front/0004082201751,3
0004082299001,93148540,126,Sabra Hummus with Pinenuts,https://www.kroger.com/product/images/104525256/medium/front/0004082299001,4
0018195400004,93149064,127,Peroni Nastro Azzuro,https://www.kroger.com/product/images/112717108/medium/front/0018195400004,1
0008308590407,93149066,128,Ruffino Lumina Pinot Grigio,https://www.kroger.com/product/images/140474709/medium//0008308590407,1
